{
  "primary_topics": [
    "ui",
    "system"
  ],
  "secondary_topics": [
    "coding",
    "ai",
    "personal"
  ],
  "scores": {
    "coding": 0.2021065503358841,
    "ai": 0.17519307136535645,
    "ui": 1.1721103191375732,
    "system": 0.21056349575519562,
    "workflow": 0.12288962304592133,
    "legal": 0.12308914214372635,
    "personal": 0.13551421463489532
  }
}