{
  "primary_topics": [
    "coding",
    "legal"
  ],
  "secondary_topics": [
    "system",
    "ui",
    "workflow"
  ],
  "scores": {
    "coding": 0.18164677917957306,
    "ai": 0.003129074349999428,
    "ui": 0.05436674878001213,
    "system": 0.07135694473981857,
    "workflow": 0.04982655495405197,
    "legal": 0.16921964287757874,
    "personal": -0.017318161204457283
  }
}