{
  "primary_topics": [
    "ai",
    "system"
  ],
  "secondary_topics": [
    "personal",
    "legal",
    "coding"
  ],
  "scores": {
    "coding": 0.04321986436843872,
    "ai": 0.1421128660440445,
    "ui": 0.042382799088954926,
    "system": 0.08620312064886093,
    "workflow": -0.006520384922623634,
    "legal": 0.06929700076580048,
    "personal": 0.08250627666711807
  }
}