{
  "primary_topics": [
    "ai",
    "workflow"
  ],
  "secondary_topics": [
    "personal",
    "ui",
    "legal"
  ],
  "scores": {
    "coding": 0.026608556509017944,
    "ai": 0.15872043371200562,
    "ui": 0.05867363512516022,
    "system": 0.009455796331167221,
    "workflow": 0.10719703882932663,
    "legal": 0.028081923723220825,
    "personal": 0.08295951038599014
  }
}