{
  "primary_topics": [
    "ui",
    "system"
  ],
  "secondary_topics": [],
  "scores": {
    "coding": -0.13639235496520996,
    "ai": -0.05127463489770889,
    "ui": 0.023058108985424042,
    "system": 0.0017181262373924255,
    "workflow": -0.02871822938323021,
    "legal": -0.0406344011425972,
    "personal": -0.011949971318244934
  }
}