{
  "primary_topics": [
    "ui",
    "system"
  ],
  "secondary_topics": [
    "ai",
    "coding",
    "legal"
  ],
  "scores": {
    "coding": 0.13525786995887756,
    "ai": 0.1846071481704712,
    "ui": 1.3322927951812744,
    "system": 1.2251409441232681,
    "workflow": 0.08508419245481491,
    "legal": 0.09937013685703278,
    "personal": 0.0804290920495987
  }
}