{
  "primary_topics": [
    "ui",
    "legal"
  ],
  "secondary_topics": [
    "coding",
    "ai",
    "personal"
  ],
  "scores": {
    "coding": 0.07154993712902069,
    "ai": 0.042104482650756836,
    "ui": 0.1462242752313614,
    "system": 0.008472615852952003,
    "workflow": -0.01389576867222786,
    "legal": 0.08868671953678131,
    "personal": 0.03544532135128975
  }
}